{
    "general": {
        "rotation": [
            [
                0.9999880904891292,
                -0.002608068436217129,
                0.004125149565420935
            ],
            [
                0.0025982558543046295,
                0.9999937868501669,
                0.002382294603624563
            ],
            [
                -0.004131337122610101,
                -0.002371548037652818,
                0.9999886538423746
            ]
        ],
        "translation": [
            [
                -0.014448129213859956
            ],
            [
                -2.6204152650102643e-05
            ],
            [
                7.010445282656972e-05
            ]
        ],
        "disparity_to_depth": [
            [
                1.0,
                0.0,
                0.0,
                -966.3666534423828
            ],
            [
                0.0,
                1.0,
                0.0,
                -733.0996627807617
            ],
            [
                0.0,
                0.0,
                0.0,
                1298.545945056555
            ],
            [
                0.0,
                0.0,
                69.21218443576994,
                -0.0
            ]
        ],
        "essential": [
            [
                -7.38911163595466e-08,
                -7.004187285030462e-05,
                -2.6370864793315022e-05
            ],
            [
                1.0413525343339567e-05,
                -3.444726969553918e-05,
                0.014448254474461615
            ],
            [
                -1.133609574219958e-05,
                -0.014448107787691768,
                -3.4311604209732184e-05
            ]
        ],
        "fundamental": [
            [
                1.490561592380869e-09,
                1.411706735688722e-06,
                -0.0003452718997449619
            ],
            [
                -2.098396863873113e-07,
                6.935434806356317e-07,
                -0.3809730757287264
            ],
            [
                0.0004447871420943185,
                0.3729608594533369,
                1.0
            ]
        ],
        "reprojection_error": 0.6924511270028154
    },
    "left": {
        "matrix": [
            [
                1307.4868603598786,
                0.0,
                963.6483395309702
            ],
            [
                0.0,
                1308.6041549038616,
                736.2514893039667
            ],
            [
                0.0,
                0.0,
                1.0
            ]
        ],
        "distortion": [
            [
                -0.010683709724538071,
                0.025178731327536383,
                0.0009546870443729426,
                0.001187596303965078,
                -0.030539224652944286
            ]
        ],
        "rectification": [
            [
                0.9999994324562416,
                -0.0007828911220473367,
                -0.00072261240370126
            ],
            [
                0.0007837502926077684,
                0.9999989854572517,
                0.001189462040694921
            ],
            [
                0.0007216804513084248,
                -0.0011900277133060258,
                0.9999990315052149
            ]
        ],
        "projection": [
            [
                1298.545945056555,
                0.0,
                966.3666534423828,
                0.0
            ],
            [
                0.0,
                1298.545945056555,
                733.0996627807617,
                0.0
            ],
            [
                0.0,
                0.0,
                1.0,
                0.0
            ]
        ],
        "ROI": [
            3,
            3,
            1913,
            1430
        ],
        "reprojection_error": 0.27963689116817975
    },
    "right": {
        "matrix": [
            [
                1287.1004457013512,
                0.0,
                953.65652575198
            ],
            [
                0.0,
                1288.487735209248,
                723.7869489320324
            ],
            [
                0.0,
                0.0,
                1.0
            ]
        ],
        "distortion": [
            [
                0.07500014291968664,
                -0.12133468485463997,
                0.0020631094655357723,
                0.0003390325683347337,
                0.06089952389957981
            ]
        ],
        "rectification": [
            [
                0.9999865839015115,
                0.0018136466461975381,
                -0.0048520823187770835
            ],
            [
                -0.0018194181228487678,
                0.999997642346509,
                -0.001185335023399906
            ],
            [
                0.004849921100358467,
                0.001194147087332808,
                0.9999875260612275
            ]
        ],
        "projection": [
            [
                1298.545945056555,
                0.0,
                966.3666534423828,
                -18.761811314619425
            ],
            [
                0.0,
                1298.545945056555,
                733.0996627807617,
                0.0
            ],
            [
                0.0,
                0.0,
                1.0,
                0.0
            ]
        ],
        "ROI": [
            11,
            11,
            1905,
            1424
        ],
        "reprojection_error": 0.318404167825165
    }
}