{
    "matrix": [
        [
            1447.638644400437,
            0.0,
            958.6470545056984
        ],
        [
            0.0,
            1447.7631355233368,
            720.0846695470817
        ],
        [
            0.0,
            0.0,
            1.0
        ]
    ],
    "distortion": [
        [
            0.15074398411475035,
            -0.4808555380692788,
            -0.0004689242644239548,
            0.0005159383213603158,
            0.4418912106887883
        ]
    ],
    "reprojection_error": 0.3233130651516925
}